Date,Open,High,Low,Close,Adj Close,Volume
2024-03-28,524.95,533.5,521.6,528.9,527.16,4207650
2024-03-27,513.3,527,513.3,516.65,514.95,3169799
2024-03-26,520.95,528.7,509.45,513.2,511.51,2405945
2024-03-22,504.8,517.5,500.05,515.45,513.76,2676903
2024-03-21,494.5,507,492.8,504.55,502.89,2459438
2024-03-20,482,494.9,478.65,489.15,487.54,1667394
2024-03-19,487.95,495.9,475,482.8,481.21,1848152
2024-03-18,500,502.15,481,495.4,493.77,2663154
2024-03-15,481,499.5,472.55,497.9,496.26,5941930
2024-03-14,460,481.85,452.2,476.85,475.28,3198205
2024-03-13,507.8,507.8,460,461.05,459.54,5554982
2024-03-12,509,513.95,491.15,509.3,507.63,3644807
2024-03-11,516,516.8,501.55,509,507.33,1647238
2024-03-07,514,527,510.75,515.25,513.56,1551197
2024-03-06,512.7,516.4,494.25,512.05,510.37,3355263
2024-03-05,517,519.8,507.1,509.5,507.83,1265026
2024-03-04,506.8,520.7,506,516.9,515.2,7041914
2024-03-01,508.3,514.8,501.25,503.65,502,4229025
2024-02-29,507,511.8,490.2,508.3,506.63,6047978
2024-02-28,522.5,523.5,503,507.6,505.93,3249733
2024-02-27,525.45,532.5,500.85,521.85,520.14,5937986
2024-02-26,511.5,537.95,510.25,523.7,521.98,14220530
2024-02-23,489.75,510.75,486.1,506.85,505.19,5304876
2024-02-22,485.9,496.6,482.8,488,486.4,2107198
2024-02-21,490.6,494,480.6,484.65,483.06,1545884
2024-02-20,497.75,498,486.5,490.6,488.99,2420333
2024-02-19,484.1,501.9,480.5,499.25,497.61,4573746
2024-02-16,488.4,489.5,479.15,480.45,478.87,1131246
2024-02-15,484.5,493.3,483,484.15,482.56,2197718
2024-02-14,474,485.7,474,479.7,478.12,2319951
2024-02-13,507.45,507.45,484.75,487.05,485.45,4131893
2024-02-12,507.65,521.65,494.5,497.2,495.57,6118550
2024-02-09,509,511.9,484.1,500.2,498.56,3188552
2024-02-08,496.9,520,496.8,506.85,505.19,5703530
2024-02-07,493.9,509.35,491.7,493.95,492.33,3369728
2024-02-06,495.2,503.8,487.1,491.65,490.04,2051836
2024-02-05,487.8,506.95,485.8,492.9,491.28,2921559
2024-02-02,494.8,501.85,477.85,482.9,481.31,2771930
2024-02-01,507.5,507.5,490,491.65,490.04,1925034
2024-01-31,494.5,508.6,491.15,504.75,503.09,2885641
2024-01-30,499,500.4,487.65,489.95,488.34,1725003
2024-01-29,492.45,504.85,490.95,496.3,494.67,2296482
2024-01-25,492.85,501.25,481.2,487.65,486.05,1873409
2024-01-24,475,498.5,467.1,488.8,487.19,6192346
2024-01-23,513,516.2,474,484.9,483.31,4062512
2024-01-19,483,510,483,501.4,499.75,8422478
2024-01-18,470.8,481.5,457,478.75,477.18,4329665
2024-01-17,452,474.3,451.65,472.1,470.55,3771709
2024-01-16,473.45,475,456,465.6,464.07,2560974
2024-01-15,482.95,484.8,470.6,473.45,471.9,2006047
2024-01-12,483.6,484.9,472.15,483.5,481.91,6100637
2024-01-11,467.15,484,455.6,480.7,479.12,7777374
2024-01-10,457,470,457,464.8,463.27,9076720
2024-01-09,422,458.35,420.1,454.85,453.36,15022810
2024-01-08,422.05,425.9,417,419.45,418.07,1594630
2024-01-05,428.5,431.5,416.4,419.95,418.57,3640549
2024-01-04,413.35,428.05,411.05,426.3,424.9,4618595
2024-01-03,409.55,422.8,407.8,411.25,409.9,3138198
2024-01-02,410.05,414,404.15,408.95,407.61,1835815
2024-01-01,412.9,413.6,408.85,410.05,408.7,1840554
2023-12-29,408.55,415,407.4,409.05,407.71,2226096
2023-12-28,413.45,413.6,406.5,408.05,406.71,1233428
2023-12-27,417.65,420.5,408.8,410.85,409.5,1936541
2023-12-26,420,423.2,413.1,415.15,413.79,3727266
2023-12-22,420,423.2,407.55,409.3,407.96,2209991
2023-12-21,405.95,422.55,397.65,417.35,415.98,3248379
2023-12-20,434,440.65,400.5,405.05,403.72,3841579
2023-12-19,435.55,442.75,428.8,431.35,429.93,2584114
2023-12-18,414.55,445.45,414.55,435.95,434.52,6657503
2023-12-15,453,454.85,432,434.75,433.32,3493250
2023-12-14,457.9,460.25,450.05,451,449.52,1849727
2023-12-13,446.7,458,444.1,455.5,454,2500544
2023-12-12,455.9,457.95,442,444.95,443.49,1773674
2023-12-11,454,465.55,450.4,455.75,454.25,3173371
2023-12-08,460,477,446.65,451.8,450.32,8566641
2023-12-07,439.95,461,431.5,458.3,456.79,9610161
2023-12-06,420,442.95,416.5,439,437.56,8182520
2023-12-05,424.5,425.45,413,415.2,413.84,4645869
2023-12-04,434,434.8,422.7,424.5,423.11,3461202
2023-12-01,411,428.3,410.75,424.6,423.21,7105287
2023-11-30,416.35,416.55,407,408.35,407.01,3279190
2023-11-29,412,422.15,410.45,414.85,413.49,3098201
2023-11-28,422,422.95,406.85,409.45,408.11,2467926
2023-11-24,416,429,415.9,420.95,419.57,6556226
2023-11-23,420.25,427,411.2,413.45,412.09,5124373
2023-11-22,402.45,419.4,401.7,418.15,416.78,9402036
2023-11-21,402,405.2,398.05,400.4,399.09,2318671
2023-11-20,400.8,406,395,401.55,400.23,1934702
2023-11-17,398.8,403.7,396.7,399.75,398.44,2342464
2023-11-16,401.5,408.4,395,396.95,395.65,3694567
2023-11-15,396,411.8,393.1,399.9,398.59,9439405
2023-11-13,389.15,399.4,385,392.4,391.11,3522456
2023-11-10,383.3,387.4,378.5,382.7,381.44,1890134
2023-11-09,386.6,390.4,383,384.7,383.44,1303012
2023-11-08,386.2,392.4,383.2,384.7,383.44,1878871
2023-11-07,386.5,393.9,383.55,386.2,384.93,1994217
2023-11-06,395.95,397.25,385.05,386.05,384.78,1769702
2023-11-03,396.7,401.6,389.85,393.8,392.51,2724040
2023-11-02,380,396.75,380,394.1,392.81,3128771
2023-11-01,376.95,387.7,375.1,376.95,375.71,2576034
2023-10-31,398.65,400.45,383,385.8,384.53,2346340
2023-10-30,392.8,402.9,386.1,395.9,394.6,2842071
2023-10-27,390.5,398.45,384.4,393.75,392.46,5942760
2023-10-26,363.15,393.8,360,390.9,389.62,11514552
2023-10-25,380.05,382.3,347.5,366.2,365,12466358
2023-10-23,410,410,368.1,376.35,375.11,13762641
2023-10-20,401.8,403,382.05,387.8,386.53,2123052
2023-10-19,394.9,405.2,394.15,401.85,400.53,4226600
2023-10-18,403.5,408.35,393.6,395.35,394.05,4535527
2023-10-17,405,407.45,400.2,403.65,402.32,4270866
2023-10-16,394.8,408.8,393.3,401.2,399.88,7175895
2023-10-13,391.5,404.9,390.25,392.05,390.76,6378085
2023-10-12,400.75,404.7,390.05,392,390.71,7172929
2023-10-11,412,414,393.1,397.35,396.05,3947171
2023-10-10,415.05,420.85,406.6,408.55,407.21,6422989
2023-10-09,410,417.25,400.65,412.4,411.05,4774705
2023-10-06,416.35,423.65,409.5,419.65,418.27,6266338
2023-10-05,422,426.45,411,413.5,412.14,2779532
2023-10-04,437,438.8,416.1,418.9,417.52,8993604
2023-10-03,437.4,449,427,442.6,441.15,5917406
2023-09-29,419.6,440.2,417.6,437.4,435.96,3958186
2023-09-28,434,436,413.65,416.5,415.13,5061828
2023-09-27,439.65,444.9,429.5,432.9,431.48,5638981
2023-09-26,418,441.95,418,439.9,438.46,11627241
2023-09-25,420.9,428.2,409.25,421.15,419.77,6388720
2023-09-22,396.7,425,396,422.1,420.71,8195545
2023-09-21,408.95,411.5,390.55,393.8,392.51,3293803
2023-09-20,396.45,414.05,395,407.5,406.16,9833720
2023-09-18,398.85,404.7,389.75,393.95,392.66,2383667
2023-09-15,410,421.3,395,398.85,397.54,4347819
2023-09-14,400,411,398.1,407.15,405.81,3423733
2023-09-13,401.2,414.1,383.5,395.75,394.45,5372790
2023-09-12,432.95,433.35,393.15,397.15,395.85,7436370
2023-09-11,399,437.4,398,431.25,429.83,15600422
2023-09-08,383,397.3,379.1,394.55,393.25,5909442
2023-09-07,383,386.25,372.65,382.45,381.19,2947607
2023-09-06,381.65,387.4,376.05,382.3,381.04,6620085
2023-09-05,365.1,384.6,361.1,378.75,377.51,10062926
2023-09-04,355,367,352.55,363.6,362.41,6089243
2023-09-01,351.4,358.65,349.5,354.25,353.09,2184054
2023-08-31,358,360.4,349,350.95,349.8,4964607
2023-08-30,369.45,372.75,353.25,356.8,355.63,5858783
2023-08-29,347.4,368.9,342.1,366.2,365,7686633
2023-08-28,349.25,353.7,344.7,347.25,346.11,4069290
2023-08-25,348.2,352,340.15,347.6,346.46,3707340
2023-08-24,358.4,359.8,348,350.7,349.55,2928029
2023-08-23,361.2,364.7,355.2,357.3,356.13,1289113
2023-08-22,362.9,366.95,358.8,360.6,359.42,2409130
2023-08-21,362.8,366.45,356.5,361.25,360.06,2141566
2023-08-18,352,364.75,348.8,362.35,361.16,3816293
2023-08-17,368.5,368.7,351,352.55,351.39,7639230
2023-08-16,359,369.9,352.1,368,366.79,12692854
2023-08-14,345,356.6,340,347.25,346.11,17052699
2023-08-11,338,344.45,325.1,342.05,340.93,7475933
2023-08-10,316,340,314.65,336.55,335.44,15505766
2023-08-09,290.85,317.4,290.05,314.25,313.22,15884418
2023-08-08,292.9,294.7,289.1,290.85,289.89,1196616
2023-08-07,294.75,296.5,291,291.85,290.89,2047378
2023-08-04,289,295.7,288.4,293.3,292.34,1643906
2023-08-03,288.55,294.2,286,287.1,286.16,1658733
2023-08-02,296,298.2,287.55,290.85,289.89,1245165
2023-08-01,288.9,298.7,288.7,295.85,294.88,3478387
2023-07-31,293,293.6,287.45,288.7,287.75,1135620
2023-07-28,289.2,294.85,288,292.1,291.14,2947702
2023-07-27,293.5,294.95,287.1,289.4,288.45,2487865
2023-07-26,295.7,296.8,289.6,292.5,291.54,2698488
2023-07-25,286.8,295,285.95,294.05,293.08,3578436
2023-07-24,289.4,292.5,285,286.4,285.46,2025699
2023-07-21,295.5,295.55,285.5,288.1,287.15,3864811
2023-07-20,296,301.3,291.4,294.6,293.63,5447722
2023-07-19,291,301.3,288.65,295.5,294.53,5238041
2023-07-18,293.3,296.4,283.25,289.7,288.75,4778733
2023-07-17,295,298.85,291.5,293.3,292.34,5326680
2023-07-14,299.8,307.7,299.8,304.6,303.6,2450451
2023-07-13,313,314.15,293.4,298.9,297.92,3594702
2023-07-12,310.55,316.05,307.5,312.95,311.92,2766745
2023-07-11,304.75,311,301.5,309.55,308.53,2109143
2023-07-10,308.55,319.95,298.35,304.55,303.55,5081651
2023-07-07,309.75,315.8,304.5,306.65,305.64,3372051
2023-07-06,303,311.8,303,310,308.98,4899288
2023-07-05,295.95,309.9,293.25,301.75,300.76,7466830
2023-07-04,290,299,289.9,294.3,293.33,7431298
2023-07-03,275,291.8,275,289,288.05,9158207
2023-06-30,272.45,279.4,271.1,272.75,271.85,3591725
2023-06-28,272,274.35,268.6,271.75,270.86,1769865
2023-06-27,272.8,275.7,269.1,270.85,269.96,2005672
2023-06-26,262.7,273.5,256.35,272.05,271.16,3413288
2023-06-23,272.4,272.4,260,261.4,260.54,2399179
2023-06-22,277,285,270.3,272.1,271.21,9547731
2023-06-21,258.5,276.9,258.05,274.3,273.4,10555923
2023-06-20,254.4,257.95,251.55,257.05,256.21,1606006
2023-06-19,257.9,258.9,253,253.6,252.77,1156392
2023-06-16,262.5,263.5,255.15,256.6,255.76,1664604
2023-06-15,264.4,268,261.05,262.35,261.49,1623765
2023-06-14,262.3,269,262.05,265.8,264.93,1954154
2023-06-13,258,265.1,257.65,261.05,260.19,1902429
2023-06-12,261.95,262.3,256.2,257.2,256.36,1103057
2023-06-09,264.15,267,260.05,261.4,260.54,967627
2023-06-08,268,273.9,262.3,264.1,263.23,2449975
2023-06-07,264.7,274,264.35,268,267.12,4613115
2023-06-06,250.9,265,250.3,263.35,262.49,4108109
2023-06-05,252.1,254.65,249,249.6,248.78,939922
2023-06-02,254.7,255.8,249.8,250.9,250.08,1257856
2023-06-01,255.05,258.95,252.55,253.45,250.62,1119477
2023-05-31,262.35,264.7,253,254.05,251.22,1309255
2023-05-30,253.85,269.3,251.55,261.15,258.24,5852335
2023-05-29,257.8,258.3,251,252.7,249.88,669161
2023-05-26,257.55,261.5,254.3,255.9,253.05,777989
2023-05-25,249.5,262.3,248.05,258.7,255.82,2524854
2023-05-24,240,255.75,240,249.7,246.92,2421319
2023-05-23,246.2,254.2,245.85,248.15,245.38,1027848
2023-05-22,243.75,248.65,242.1,245.15,242.42,580992
2023-05-19,247.3,248.25,241.05,243.8,241.08,536788
2023-05-18,249.4,250.85,245.05,246.75,244,560835
2023-05-17,255.65,256.1,247.15,248.8,246.03,550416
2023-05-16,256.05,259.6,253.85,254.9,252.06,565802
2023-05-15,259,260.7,255.6,256.05,253.2,526815
2023-05-12,262.8,266.8,259,259.95,257.05,938972
2023-05-11,268,271,261.1,262.8,259.87,1063925
2023-05-10,260.5,268.6,260.5,264.85,261.9,894094
2023-05-09,264.25,266.2,258.2,260.5,257.6,704715
2023-05-08,261,273,259.6,263.1,260.17,2756977
2023-05-05,259,263.3,257,260.45,257.55,668019
2023-05-04,260.55,265,256.65,258.85,255.96,871466
2023-05-03,257.7,264.3,256.15,261.6,258.68,958138
2023-05-02,261,263.85,256.5,257.7,254.83,584951
2023-04-28,258.45,262.25,257.1,260.7,257.79,779466
2023-04-27,258.8,261.3,254.55,256.55,253.69,1004465
2023-04-26,260.75,262.75,257,258.3,255.42,489752
2023-04-25,259.9,266.05,256.65,259.9,257,1795555
2023-04-24,254,261.2,250.2,259.2,256.31,1193931
2023-04-21,260,260,250.55,253.65,250.82,1115255
2023-04-20,249.05,261.9,247.7,259.45,256.56,3103454
2023-04-19,247.75,252.35,246,248.05,245.28,765711
2023-04-18,249.45,251.7,246.2,247.7,244.94,497794
2023-04-17,244.5,251,243.25,248.35,245.58,811878
2023-04-13,244.45,247.4,243,245.45,242.71,495055
2023-04-12,243.3,247.8,241,244.35,241.63,946572
2023-04-11,248.8,250.35,241.25,242,239.3,878776
2023-04-10,253,255.6,247.2,248.65,245.88,593191
2023-04-06,252,255.5,250.5,252,249.19,701373
2023-04-05,252.55,256.75,249,253,250.18,2125823
2023-04-03,242.75,253.85,240.55,250.3,247.51,1417582
2023-03-31,244,250.4,238.1,240.85,238.16,2474772
2023-03-29,223,240,223,236.65,234.01,2732107
2023-03-28,227.1,230.5,221,222.3,219.82,1641542
2023-03-27,237.85,238.75,225.05,227.1,224.57,1022382
2023-03-24,247.95,249.45,234.55,236.7,234.06,938094
2023-03-23,249.5,252.35,246.5,247.95,245.19,670337
2023-03-22,252.05,256.25,248.8,251.1,248.3,1821148
2023-03-21,248.5,255.55,247.3,252.05,249.24,1456100
2023-03-20,251.9,255.75,244,246,243.26,1144417
2023-03-17,257,264.65,248.25,251.9,249.09,1426124
2023-03-16,256,257.45,247.2,254.65,251.81,1438489
2023-03-15,252.8,261.35,251,256.2,253.34,1748338
2023-03-14,260.15,265.5,247.8,250.55,247.76,1794884
2023-03-13,268.35,273.65,255.15,258.85,255.96,1268834
2023-03-10,265,273,262.55,268.35,265.36,1994714
2023-03-09,277,277,267.5,269.75,266.74,2088735
2023-03-08,265,282,261.25,278.1,275,5458331
2023-03-06,243.8,274,242.7,269.45,266.45,9063044
2023-03-03,230,249.65,229.1,242.65,239.94,5060986
2023-03-02,230,232.85,226.8,228.85,226.3,1152491
2023-03-01,230.5,242.05,228.2,233.7,231.09,3902719
2023-02-28,209.8,236.8,208.15,234.65,232.03,7270738
2023-02-27,211.65,211.65,204.65,208.25,205.93,600032
2023-02-24,214.4,218.6,210.1,211.75,209.39,586453
2023-02-23,220,221.5,212.5,214.35,211.96,865514
2023-02-22,221.75,226,219,219.75,217.3,470435
2023-02-21,222.5,231,220,223.55,221.06,1058169
2023-02-20,225,226.9,221.75,222.2,219.72,519662
2023-02-17,223.9,228.5,222,226,223.48,643637
2023-02-16,229.85,232.45,223.3,224,221.5,550661
2023-02-15,222.45,229.4,222,227.65,225.11,776323
2023-02-14,226.4,227.2,221,222.5,220.02,315373
2023-02-13,230.75,231.65,224,224.55,222.05,265229
2023-02-10,235.6,236,228.3,229.95,227.39,483581
2023-02-09,225.95,238.7,224,236.35,233.71,1309389
2023-02-08,221.5,225.85,219.15,224,221.5,430606
2023-02-07,224.8,228.3,219.1,220.45,217.99,421057
2023-02-06,221.75,228.8,221.15,224.9,222.39,438693
2023-02-03,226.2,228.2,216.7,220.65,218.19,671776
2023-02-02,235,238.8,224.5,225.5,222.99,705234
2023-02-01,240,248.85,231,235.2,232.58,950636
2023-01-31,229.8,239.75,229.5,238.35,235.69,575505
2023-01-30,237.25,241.15,226.9,229.55,226.99,616187
2023-01-27,242.15,242.2,230,236.5,233.86,603138
2023-01-25,248,248.95,240.05,241.8,239.1,415539
2023-01-24,248.55,251.85,246.55,247.3,244.54,700290
2023-01-23,255,255,245.85,246.85,244.1,1595040
2023-01-20,267.25,268.85,261.8,262.35,259.42,450520
2023-01-19,266.2,270,265,265.75,262.79,785321
2023-01-18,267.1,269.8,263,264.85,261.9,513501
2023-01-17,268.95,270.15,265,265.8,262.84,454274
2023-01-16,269,278.8,265,268.2,265.21,1018965
2023-01-13,273.75,276,265.95,267.9,264.91,579064
2023-01-12,279.65,279.65,270.9,273.4,270.35,295618
2023-01-11,283,283.4,278.1,279.35,276.24,299816
2023-01-10,284.55,285.55,277.1,283.3,280.14,262145
2023-01-09,281.1,286.75,278.6,284.5,281.33,437619
2023-01-06,281,282.4,276.4,278.8,275.69,240805
2023-01-05,284.9,285.8,278.3,281,277.87,321335
2023-01-04,290,291.5,283.4,284.45,281.28,390570
2023-01-03,295.3,295.4,289,289.95,286.72,365518
2023-01-02,288.95,297.9,288,293.55,290.28,1005459
2022-12-30,288.2,289.9,286,287.6,284.39,464511
2022-12-29,285.85,292.25,284,286.5,283.31,1640805
2022-12-28,271.75,293.4,269.9,283.9,280.73,1907671
2022-12-27,268.4,271,262.95,269.95,266.94,699682
2022-12-26,253.3,268.3,245.9,263.7,260.76,735578
2022-12-23,265.95,267.8,248,253.3,250.48,1725307
2022-12-22,269,275,257.5,270.05,267.04,1304419
2022-12-21,279.75,283.7,265,268.05,265.06,617155
2022-12-20,280,280.4,271.95,278.75,275.64,788992
2022-12-19,287,287.5,278.35,279.9,276.78,790238
2022-12-16,293.5,295.25,285,286.1,282.91,607175
2022-12-15,295.45,299,293.4,294.4,291.12,376430
2022-12-14,299.6,300.25,295.2,295.8,292.5,437588
2022-12-13,301,304.55,296.5,297.85,294.53,546603
2022-12-12,295,301.8,292,299.55,296.21,617547
2022-12-09,302.85,306.1,294.05,295.85,292.55,732360
2022-12-08,305.6,308.2,300.05,301.3,297.94,688245
2022-12-07,311.6,311.6,303,304.3,300.91,707531
2022-12-06,312,319.8,308.55,310.4,306.94,1150204
2022-12-05,309.9,314.5,306,309.8,306.35,665114
2022-12-02,309.7,312.5,307.5,308.4,304.96,470707
2022-12-01,308.9,313.9,304.05,309.7,306.25,1369255
2022-11-30,310.4,310.75,306.35,308.15,304.71,413774
2022-11-29,312.8,315.9,307.75,308.9,305.46,521024
2022-11-28,307.8,318.35,306.3,311.9,308.42,1159293
2022-11-25,301.45,309.55,298.55,307.6,304.17,1183231
2022-11-24,303.35,306.6,299.4,300.9,297.55,781772
2022-11-23,298.7,312.8,298.5,301.6,298.24,1522830
2022-11-22,304.6,307.3,297,297.85,294.53,572372
2022-11-21,304.2,307.5,301.7,304,300.61,335832
2022-11-18,311.3,312.5,302.9,304.9,301.5,472233
2022-11-17,313.9,315.7,308.5,309.75,306.3,397779
2022-11-16,317,319.7,314,314.65,311.14,308672
2022-11-15,318.45,320.45,314.15,318.35,314.8,432501
2022-11-14,322.15,323.65,317.3,318.45,314.9,436733
2022-11-11,325.1,329.45,320.05,321.45,317.87,723342
2022-11-10,327,329.7,318.95,323.2,319.6,599388
2022-11-09,334.8,338.4,325.5,328.5,324.84,968954
2022-11-07,326.55,343.5,326,332.4,328.69,2276682
2022-11-04,331.2,337.7,323.5,324.9,321.28,1085703
2022-11-03,332.6,336.8,329.5,330.9,327.21,826538
2022-11-02,349.9,350,334.95,337.75,333.98,1235532
2022-11-01,339,351.4,339,348.35,344.47,4103447
2022-10-31,325.5,339.8,325.5,337.65,333.89,6728426
2022-10-28,316.2,325.5,314.6,318.25,314.7,1209176
2022-10-27,312.3,318.65,311.1,314.6,311.09,611804
2022-10-25,318,319.25,308.45,310.4,306.94,454295
2022-10-24,315.45,317.8,313,316.6,313.07,142452
2022-10-21,318,319.75,310.2,312.35,308.87,576479
2022-10-20,316.25,319.7,311.4,317.25,313.71,678774
2022-10-19,323,324,315.15,318.55,315,1294101
2022-10-18,326.8,328.2,320.25,322.05,318.46,1121641
2022-10-17,318.6,328.5,311.75,324.35,320.73,1316773
2022-10-14,325.7,329.1,318.5,320.5,316.93,863436
2022-10-13,326.8,328.05,318,320.2,316.63,1018422
2022-10-12,328.2,332,317.1,329.2,325.53,1143516
2022-10-11,345,351.5,322.1,326.85,323.21,1964849
2022-10-10,340.6,346.95,333.85,345.25,341.4,3215967
2022-10-07,330,347.75,328,345,341.15,5553133
2022-10-06,300,334.2,298.15,330.65,326.96,10887764
2022-10-04,296.5,299.7,292,293.25,289.98,1112848
2022-10-03,300,304.9,289.1,291.9,288.65,835125
2022-09-30,296.3,305,292,300.35,297,1254492
2022-09-29,299,302,286.35,299.05,295.72,1167601
2022-09-28,295,300.7,290.1,292.05,288.79,837890
2022-09-27,297.75,308.6,296.55,299.25,295.91,1112025
2022-09-26,310.3,316,293.25,296.15,292.85,2040218
2022-09-23,328.5,333.25,316.2,319.1,315.54,846315
2022-09-22,335.5,340.25,329.05,331.65,327.95,905620
2022-09-21,340,347.45,333.25,337.3,333.54,1234141
2022-09-20,346,353.8,336,339.05,335.27,1953803
2022-09-19,328.7,348.7,319.35,344.3,340.46,1790520
2022-09-16,342.55,345.7,322,329.35,325.68,1479202
2022-09-15,348.4,348.4,337.3,340.45,336.65,1087535
2022-09-14,341.8,356.2,337,344.8,340.96,1812598
2022-09-13,350.6,351.25,342.1,344.05,340.21,932338
2022-09-12,351.25,354.9,348,348.7,344.81,785552
2022-09-09,353.45,355,346,348.95,345.06,875563
2022-09-08,355.05,359.9,348,351.6,347.68,1130766
2022-09-07,359.55,366.8,350.7,352.8,348.87,1618180
2022-09-06,358.75,364.8,351.1,359.15,355.15,1940314
2022-09-05,351.5,369,344,355.9,351.93,3289495
2022-09-02,356.45,358.8,343.25,348.8,344.91,1707653
2022-09-01,342,358.5,342,353.25,349.31,4276033
2022-08-30,319.65,346,319.65,341.05,337.25,7895354
2022-08-29,309,325,307.55,318.05,314.5,805956
2022-08-26,322.35,326.9,317.05,319.45,315.89,615739
2022-08-25,325.65,327.7,318.45,321.6,318.01,776592
2022-08-24,320.55,327.8,317.85,325.1,321.48,1465882
2022-08-23,301.95,322.5,300,318.95,315.39,1916328
2022-08-22,312,315.5,303,304.6,301.2,920434
2022-08-19,326.5,328.55,314,316.2,312.67,999036
2022-08-18,332.95,334.4,320.2,326.9,323.26,1328170
2022-08-17,334.5,342,330.6,332.2,328.5,1841567
2022-08-16,321.7,335.75,315.15,333.55,329.83,2080290
2022-08-12,313,321.5,312.1,320.05,316.48,1347487
2022-08-11,322,323.35,311,317.65,314.11,2611720
2022-08-10,316.1,323.7,303.2,321.2,317.62,7423497
2022-08-08,287.2,317,284.1,311.65,308.18,8528443
2022-08-05,273,288.4,270,285.8,282.61,3533874
2022-08-04,265.75,274.7,255,273.7,270.65,2866873
2022-08-03,260,266.7,254.5,264.5,261.55,2350467
2022-08-02,247,263.9,242.65,261.6,258.68,4640147
2022-08-01,239.95,247,236,246.15,243.41,1808852
2022-07-29,243.3,248.25,236.5,238.75,236.09,1962690
2022-07-28,229,244.4,227.5,242.8,240.09,2838382
2022-07-27,222.8,229.7,222.1,227.75,225.21,1008902
2022-07-26,229.8,231.5,220.55,222.8,220.32,878716
2022-07-25,236.4,237.8,229,229.65,227.09,1356884
2022-07-22,249.9,249.9,235,237.55,234.9,4990234
2022-07-21,241.65,243.95,232.65,235.55,232.92,776973
2022-07-20,238,248.8,234.1,241.65,238.96,1474605
2022-07-19,234.75,241,234.25,237,234.36,909153
2022-07-18,232.5,236.75,228.4,234.05,231.44,854760
2022-07-15,232.2,233.15,225.3,228.75,226.2,553800
2022-07-14,231.9,234.7,228.2,231.95,229.36,1196521
2022-07-13,234,235.8,225,228.35,225.8,861346
2022-07-12,228.3,238.7,227.2,232.85,230.25,2108724
2022-07-11,211.6,232,210.85,227.2,224.67,1344314
2022-07-08,217.4,218.05,210.4,212.25,209.88,486087
2022-07-07,210.95,216.65,210.95,215.2,212.8,690596
2022-07-06,202.3,209.9,198,208.15,205.83,780800
2022-07-05,206.6,210,201.1,202.25,200,558188
2022-07-04,205.7,207.8,201.35,204.7,202.42,444168
2022-07-01,204.3,207.75,199,204.25,201.97,662114
2022-06-30,216.85,218.95,205.1,207.95,205.63,729535
2022-06-29,214,221,211.45,216.2,213.79,478945
2022-06-28,217.75,225,211.8,219.45,217,892784
2022-06-27,210,220.95,210,218.3,215.87,1366723
2022-06-24,206.8,211.4,202,208.6,206.27,812251
2022-06-23,206.1,211.2,197.35,203.65,201.38,736463
2022-06-22,211.25,213.4,203.6,205.8,203.51,957767
2022-06-21,199.8,213.7,192,211.35,208.99,1263216
2022-06-20,210.15,210.15,182.05,195.5,193.32,2723526
2022-06-17,212,219.45,204.85,210.15,207.81,1159197
2022-06-16,229.95,234,210.55,212.4,210.03,877792
2022-06-15,229.8,229.8,224,225.5,222.99,522907
2022-06-14,230,236.75,222.25,226.7,224.17,895076
2022-06-13,246.5,247.2,227.7,230.75,228.18,966170
2022-06-10,242.85,259.75,239.55,247.75,244.99,2392238
2022-06-09,245.55,250.5,242,243.5,240.79,695546
2022-06-08,255,255.5,247,248.05,245.28,410838
2022-06-07,254,258,251.1,252.9,250.08,438933
2022-06-06,265,265,254,255.7,252.85,580231
2022-06-03,268.4,271.7,258,260.55,257.65,645889
2022-06-02,266.4,273.2,262.6,264,261.06,588416
2022-06-01,278,278.6,262.65,264.6,261.65,933175
2022-05-31,283,284,274,276.65,273.57,530814
2022-05-30,285.8,290.95,282,284.45,281.28,375857
2022-05-27,282.7,288.9,280.1,283.4,278.26,602063
2022-05-26,274,284.9,256.8,278.2,273.16,1423316
2022-05-25,295.9,299,270.05,273.5,268.54,952281
2022-05-24,316,322,291.55,294.1,288.77,1197003
2022-05-23,295.15,325,286.1,310.4,304.77,2777695
2022-05-20,272.7,293.7,269.2,293.35,288.03,1806701
2022-05-19,273.5,276.6,265,267,262.16,506850
2022-05-18,276.4,295.95,275.95,278.6,273.55,1365433
2022-05-17,258.4,278,250.05,273.2,268.25,810027
2022-05-16,258,258.45,242.6,252.95,248.36,420698
2022-05-13,257,265,244,247.15,242.67,633676
2022-05-12,259.7,261.95,237,251.75,247.19,883676
2022-05-11,280.1,289,251.35,258.5,253.81,1065839
2022-05-10,280.5,301.5,273,279.25,274.19,607153
2022-05-09,299,301,281,285.9,280.72,709410
2022-05-06,300,308.55,294.3,301.35,295.89,711469
2022-05-05,314.7,318.3,301,306.9,301.34,812041
2022-05-04,320,320.15,302.05,309.1,303.5,1997888
2022-05-02,314.2,314.85,301.8,304.95,299.42,1030502
2022-04-29,330.4,334.5,315,317.65,311.89,452237
2022-04-28,342.45,344.5,328.3,330.4,324.41,489915
2022-04-27,345,353.7,336,342.3,336.09,1012524
2022-04-26,332.7,346.1,331,346.1,339.83,1669909
2022-04-25,337.95,341,327.15,329.65,323.67,646709
2022-04-22,345.5,354,342,343.7,337.47,340736
2022-04-21,334,348,334,340.1,333.93,439219
2022-04-20,338,342,327.6,334.95,328.88,309882
2022-04-19,348,354.95,325.05,337.65,331.53,859110
2022-04-18,325,342.15,315,342.15,335.95,649259
2022-04-13,340,340.05,325,325.9,319.99,452612
2022-04-12,353,354,341.85,341.85,335.65,458894
2022-04-11,346.9,359.85,335.35,359.8,353.28,883467
2022-04-08,332.45,343.85,330,342.75,336.54,879778
2022-04-07,342,346,321.9,327.9,321.96,514525
2022-04-06,339,347.8,335,338.8,332.66,1184031
2022-04-05,340.85,340.85,330,340.85,334.67,1338220
2022-04-04,314,324.65,314,324.65,318.76,616423
2022-04-01,302,315,295.2,309.2,303.59,280516
2022-03-31,301.9,303,294.95,302.2,296.72,483205
2022-03-30,299.4,303.3,294,299.5,294.07,397706
2022-03-29,304.85,304.85,292.05,294.25,288.92,339864
2022-03-28,290,305.75,289,302.5,297.02,622487
2022-03-25,300.5,303.95,295,296.5,291.13,398749
2022-03-24,297.75,303.7,295.75,301.95,296.48,164892
2022-03-23,301.15,305,297,298.15,292.75,148098
2022-03-22,304.7,306,300,301.15,295.69,166238
2022-03-21,304.8,307,298,304.7,299.18,143218
2022-03-17,314.8,317,293.15,298.7,293.29,514296
2022-03-16,311,314.65,303.5,307.55,301.97,164017
2022-03-15,317.9,317.9,306.2,309.1,303.5,144890
2022-03-14,312,317.3,307,315.55,309.83,152120
2022-03-11,315.45,318,308.2,313.5,307.82,467934
2022-03-10,318.4,323.9,312.4,315.3,309.58,559976
2022-03-09,307.85,313.1,301,313.1,307.42,583005
2022-03-08,312,318.7,297.1,298.2,292.79,974992
2022-03-07,318.05,322.25,312.6,312.7,307.03,865738
2022-03-04,337.5,341.75,325.1,329.05,323.09,849481
2022-03-03,344.4,346,330.5,337.35,331.23,989478
2022-03-02,340.5,353,335,339.15,333,1172222
2022-02-28,330,342,321,340.2,334.03,493811
2022-02-25,310,336,310,334,327.95,481528
2022-02-24,327.5,327.5,320.25,320.25,314.44,589472
2022-02-23,327,340.5,327,337.1,330.99,746117
2022-02-22,330.5,335,323,327.65,321.71,1085820
2022-02-21,338.2,342,333,339.35,333.2,941762
2022-02-18,338,343.7,327,340.1,333.93,784236
2022-02-17,325.1,340,325.1,337.85,331.73,1018659
2022-02-16,325,334,320.1,331.2,325.2,631795
2022-02-15,317,334,308.15,328.8,322.84,462027
2022-02-14,338,338,324.25,324.35,318.47,452321
2022-02-11,328,341.3,327.05,341.3,335.11,1096398
2022-02-10,307,325.05,302.1,325.05,319.16,1362602
2022-02-09,308.7,311.35,305,309.6,303.99,745184
2022-02-08,304.9,309.9,301,308.25,302.66,419619
2022-02-07,296,305,296,304.1,298.59,362558
2022-02-04,298.2,303.55,295.25,297.75,292.35,263628
2022-02-03,304.8,305,298,301.6,296.13,187621
2022-02-02,309,309.7,297,303.35,297.85,381882
2022-02-01,306.45,309.55,300,307.75,302.17,198942
2022-01-31,305,309.5,291,306.45,300.89,451596
2022-01-28,305.85,308,292,295.55,290.19,255758
2022-01-27,304.95,312,297.1,298.85,293.43,2092241
2022-01-25,295,313.7,292.2,304.45,298.93,1783682
2022-01-24,308.85,311,296,301.2,295.74,1996809
2022-01-21,319.95,319.95,304.3,308.85,303.25,1221969
2022-01-20,313.8,319.3,304.7,317.35,311.6,603825
2022-01-19,303.7,318.85,292.55,313.8,308.11,661936
2022-01-18,318,318,302.8,303.7,298.19,214946
2022-01-17,308,315,308,312.55,306.88,258297
2022-01-14,310,313,305.75,307.6,302.02,277965
2022-01-13,311,313.9,302.05,308.55,302.96,174325
2022-01-12,308,313,305.75,310.95,305.31,326461
2022-01-11,321,321.45,310,314.05,308.36,371665
2022-01-10,307.45,318,306.5,317.4,311.65,413701
2022-01-07,305.1,309.5,302.25,307.45,301.88,626300
2022-01-06,292.05,303,289.6,299.75,294.32,359015
2022-01-05,304.2,305,288.05,295.9,290.54,1499420
2022-01-04,298,304.8,295.1,303.2,297.7,982954
2022-01-03,305,305.7,297.75,299,293.58,1017541
2021-12-31,308,308,298,300.5,295.05,651780
2021-12-30,308.9,309,298,299.35,293.92,392720
2021-12-29,311.95,312.75,303.7,306.05,300.5,736922
2021-12-28,311.7,313,305.25,309.75,304.13,198685
2021-12-27,301,312.9,296.05,311.35,305.71,728399
2021-12-24,295,304.95,288.6,302.35,296.87,1072241
2021-12-23,298,299.95,289,297.15,291.76,775563
2021-12-22,294,297.45,291,296.65,291.27,500727
2021-12-21,286.5,294.6,279.05,292.65,287.34,962432
2021-12-20,282.95,286.75,272.5,283.55,278.41,459926
2021-12-17,295,305,283,286.8,281.6,833669
2021-12-16,290,300,280.1,294.65,289.31,446304
2021-12-15,296.9,296.9,290,291.1,285.82,439721
2021-12-14,292.55,299,285.25,295.5,290.14,445411
2021-12-13,304.4,304.55,298.4,300.25,294.81,254986
2021-12-10,300,304.85,295,299.35,293.92,454901
2021-12-09,311.5,312,294.4,295.5,290.14,523096
2021-12-08,309,312.9,306,307.95,302.37,1151938
2021-12-07,308,318.7,305,307,301.43,1535829
2021-12-06,325,325,308,310.7,305.07,851202
2021-12-03,323.45,325,315,323.1,317.24,1129119
2021-12-02,307,316.7,305,316.65,310.91,1005437
2021-12-01,297.95,301.65,290,301.65,296.18,1299847
2021-11-30,286.05,304.75,281,287.3,282.09,5970436
2021-11-29,293,295,286.85,290.25,284.99,1539194
2021-11-26,314.5,316.5,301.15,301.9,296.43,1503290
2021-11-25,307,323.15,299.9,317,311.25,1549457
2021-11-24,315,319.9,302.6,307.8,302.22,1725189
2021-11-23,290,309,290,307.85,302.27,768808
2021-11-22,280.55,302,280.55,294.3,288.96,2051183
2021-11-18,310,314.9,295.3,295.3,289.95,1172709
2021-11-17,322.4,325,307,310.8,305.17,2003258
2021-11-16,328.4,332.8,319,322.4,316.56,1607852
2021-11-15,322.6,324.95,312.75,322.3,316.46,1725300
2021-11-12,334,334,319.75,322.6,316.75,1189748
2021-11-11,321,335.55,319,333.55,327.5,1031634
2021-11-10,324,326.9,315,319.6,313.81,1149014
2021-11-09,309,331,309,318.15,312.38,2171870
2021-11-08,332.5,332.5,316.2,317.3,311.55,1728428
2021-11-04,336,339.7,328.8,332.5,326.47,193200
2021-11-03,340,342.8,326,331.1,325.1,1802507
2021-11-02,342.25,348,326.75,336.7,330.6,1433687
2021-11-01,335.15,353.3,335,342.25,336.05,1513367
2021-10-29,345,356,337.5,348.65,342.33,2800654
2021-10-28,368.95,369.7,348.25,348.25,341.94,1940942
2021-10-27,369,378,364,366.55,359.91,2074768
2021-10-26,374.95,379,360,369.75,363.05,1329276
2021-10-25,387,388,367.1,373.85,367.07,1273131
2021-10-22,375.1,384,373,380.85,373.95,1521334
2021-10-21,380,384.8,365,370.95,364.23,3415208
2021-10-20,375,391.9,363,376.2,369.38,1776301
2021-10-19,394.85,396,372.3,379.2,372.33,1171995
2021-10-18,401.9,401.9,385,391.85,384.75,1297679
2021-10-14,398.85,408,390.5,394,386.86,1142176
2021-10-13,385,398.8,380.1,398.8,391.57,1996970
2021-10-12,389,394.7,376,379.85,372.96,773623
2021-10-11,381.75,393,375.1,389.05,382,647563
2021-10-08,386.95,389,375,381.75,374.83,441139
2021-10-07,375.1,385,372.85,379.15,372.28,641771
2021-10-06,390,391.65,378,380.65,373.75,452407
2021-10-05,388.7,389.95,372,388.75,381.7,2181900
2021-10-04,389,393.4,373.8,379.15,372.28,987497
2021-10-01,392,398.45,378.1,385.2,378.22,1184548
2021-09-30,390.8,395.5,385,389.9,382.83,1297879
2021-09-29,379,385.1,360,385.05,378.07,1545461
2021-09-28,345,367.55,344.5,366.8,360.15,1604094
2021-09-27,345.2,351.5,339.55,350.05,343.7,1013657
2021-09-24,350.9,352.9,340,350.05,343.7,644782
2021-09-23,345.7,354.4,336.1,350.9,344.54,1117244
2021-09-22,342,345.75,333,339.7,333.54,768694
2021-09-21,334.8,339.75,321,338,331.87,1147063
2021-09-20,318.4,339.6,315.95,330.8,324.8,1603798
2021-09-17,314,326.9,312,323.45,317.59,5732937
2021-09-16,319,319,305,311.35,305.71,1763401
2021-09-15,319.3,319.3,295.1,309.95,304.33,2152545
2021-09-14,307.75,307.8,299.05,307.8,302.22,2077692
2021-09-13,293,293.15,285,293.15,287.84,848746
2021-09-09,268,279.2,267,279.2,274.14,1388345
2021-09-08,256.95,267.3,253.5,265.95,261.13,1661159
2021-09-07,253.05,257.9,252.5,254.6,249.98,1892356
2021-09-06,256,259.9,251,256.7,252.05,1647413
2021-09-03,256,257,250.1,255,250.38,504476
2021-09-02,258.4,262.5,252,254.15,249.54,401094
2021-09-01,268.3,268.5,253.1,255.3,250.67,965291
2021-08-31,253,264.8,248.4,264.65,259.85,2262055
2021-08-30,251,256.25,242,252.2,247.63,2070915
2021-08-27,242.7,249.8,236,249.2,244.68,2115525
2021-08-26,228.95,237.95,226,237.95,233.64,1641090
2021-08-25,216,226.65,216,226.65,222.54,3626227
2021-08-24,213.85,221.4,213.85,215.9,211.99,1223577
2021-08-23,235.9,237.65,225.1,225.1,221.02,1292584
2021-08-20,239.9,243,234.1,236.9,232.61,2030309
2021-08-18,246,250,241.15,245.25,240.8,970640
2021-08-17,245.3,252.5,239.5,250.15,245.62,2171624
2021-08-16,242.5,249.2,232,247.3,242.82,1220894
2021-08-13,244.5,249.3,238,239.75,235.4,1692158
2021-08-12,231,239.75,230,239.45,235.11,2455798
2021-08-11,230.25,233,223.15,228.35,224.21,2333799
2021-08-10,249,249,234.75,234.85,230.59,2334047
2021-08-09,253,253,245.7,247.1,242.62,2293938
2021-08-06,248.35,251.55,244.8,248.85,244.34,3586936
2021-08-05,249,249,244.1,246.15,241.69,1660741
2021-08-04,245.15,249.85,241,247.05,242.57,2006269
2021-08-03,244,251.3,240,245.15,240.71,2501313
2021-08-02,252,254.95,240.6,243.5,239.09,5406689
2021-07-30,251,254.8,242,252.55,247.97,2412337
2021-07-29,243.1,257,242.1,250.05,245.52,3872479
2021-07-28,254.4,258.3,241.3,253.45,248.86,6488538
2021-07-27,242,255.95,235,252.6,248.02,7374498
2021-07-26,240.95,255,232.45,241.05,234.72,9028915
2021-07-23,219.25,246.4,217.25,240.75,234.42,16299716
2021-07-22,203.1,221.05,202.2,217.25,211.54,7537436
2021-07-20,197,204.4,190.55,201.55,196.25,5568173
2021-07-19,191.5,202,189.25,196.5,191.34,7088387
2021-07-16,190,195.3,185.35,194.05,188.95,5148455
2021-07-15,174,190,172.5,188.9,183.94,8459093
2021-07-14,168.2,175,167.1,173.25,168.7,4698964
2021-07-13,172,172.65,167.3,168.1,163.68,2303881
2021-07-12,168,172.5,167.35,170.95,166.46,4441099
2021-07-09,167.1,170.65,164.5,167.8,163.39,5156068
2021-07-08,167.9,174.4,166.3,167.1,162.71,5538562
2021-07-07,165,168.5,163,167.1,162.71,2516440
2021-07-06,169.8,169.9,162.6,165.1,160.76,3408453
2021-07-05,169.65,171.35,165.7,169.15,164.71,2054339
2021-07-02,176.35,176.35,167.55,168.3,163.88,4392760
2021-07-01,168.4,177,163.35,174.35,169.77,5930910
2021-06-30,164.5,171.65,161.4,167.75,163.34,7000630
2021-06-29,153,165,148.25,162.65,158.38,6190571
2021-06-28,154.1,157.25,152,153.6,149.56,3402837
2021-06-25,159,159.95,152.2,153.85,149.81,2071515
2021-06-24,161.8,162.35,157.1,158.15,153.99,1650940
2021-06-23,162.85,164.5,158.4,161.4,157.16,3034070
2021-06-22,159.9,163.9,158.1,162.1,157.84,2636529
2021-06-21,154,161.4,151.5,158.7,154.53,3010957
2021-06-18,161.2,162.4,145.3,157.95,153.8,8466559
2021-06-17,163.25,166,157.8,161.05,156.82,6163325
2021-06-16,153.9,168.3,153.05,164.95,160.62,8972509
2021-06-15,156.5,157.75,152.2,153.55,149.52,2612528
2021-06-14,156.95,157.3,150.25,155.7,151.61,6187139
2021-06-11,151.4,156.4,151.25,153.55,149.52,6690636
2021-06-10,146.45,152,144,150.55,146.59,5691527
2021-06-09,144.5,156.7,142,145.35,141.53,18183827
2021-06-08,140.9,146.9,139.05,143.6,139.83,8122292
2021-06-07,136.4,143,136.4,140.15,136.47,8021062
2021-06-04,137.8,137.8,133.5,135.1,131.55,5751647
2021-06-03,131.6,147.8,131.6,136.15,132.57,14919528
2021-06-02,126.75,132.4,125.3,130.85,127.41,24131604
2021-06-01,118,127.7,117.5,126,122.69,31706605
2021-05-31,117,119.65,116.05,117.75,114.66,6116040
2021-05-28,116.6,118.5,115.25,116.15,113.1,3652280
2021-05-27,115.5,118.4,114.95,115.7,112.66,4853113
2021-05-26,118,118.1,114.2,115.1,112.08,2214904
2021-05-25,117.2,119.4,117,118.1,115,2754612
2021-05-24,118,119.5,115,116.9,113.83,3916913
2021-05-21,118.2,118.5,115.7,117.1,114.02,3135122
2021-05-20,116.5,118.3,115.25,117.4,114.32,2709559
2021-05-19,116.55,119.45,115.9,117.8,114.7,4025817
2021-05-18,113.8,117,113.4,115.75,112.71,3843428
2021-05-17,115,115.8,111.4,113.45,110.47,4385175
2021-05-14,118.4,118.7,110.1,114.15,111.15,5914784
2021-05-12,121.7,121.8,115.6,117.6,114.51,5540148
2021-05-11,117.8,125.5,117.25,120.75,117.58,7382591
2021-05-10,117.7,119.9,115.65,119.15,116.02,4861751
2021-05-07,117.55,118.45,115.25,116.8,113.73,4541538
2021-05-06,120,120.5,115,116.5,113.44,8918722
2021-05-05,111.3,120.95,109.2,119.4,116.26,30820206
2021-05-04,114.95,116,106.5,110.2,107.3,11596859
2021-05-03,109.6,113.3,109,110.55,107.65,6015317
2021-04-30,108.3,111.4,107.5,109.6,106.72,9324766
2021-04-29,107.9,111.5,106.45,109,106.14,9779976
2021-04-28,107.45,109.5,106.1,107.1,104.29,5949477
2021-04-27,106.9,107.6,105,106.15,103.36,6432992
2021-04-26,104.1,107.15,103.6,105.9,103.12,9821565
2021-04-23,99.9,103.95,99.15,102.5,99.81,6366157
2021-04-22,101.4,102.7,99,99.65,97.03,8745101
2021-04-20,102,104.7,99.1,100.8,98.15,10999733
2021-04-19,95.2,101.6,94.15,100.25,97.62,9070828
2021-04-16,96.2,103.7,94.7,99.85,97.23,19201032
2021-04-15,95.8,96.9,91.8,95.85,93.33,5329479
2021-04-13,93.1,98.2,92.5,96.55,94.01,9864548
2021-04-12,97.85,98.8,86.7,92.9,90.46,23168073
2021-04-09,89,102.4,88,100.45,97.81,47767621
2021-04-08,90,90.25,87.5,88.65,86.32,5101227
2021-04-07,86.2,90,85.55,89.4,87.05,7078339
2021-04-06,87.2,88.45,85.25,85.65,83.4,4786275
2021-04-05,90,90.4,85,86.55,84.28,5031925
2021-04-01,88.6,92.8,87.85,90.7,88.32,12835744
2021-03-31,87.9,90.2,87,87.85,85.54,4573064
2021-03-30,89,90.4,86.6,87.3,85.01,6595378
2021-03-26,84.2,88.15,83.7,87.5,85.2,10931102
2021-03-25,84.5,84.65,81.1,83.65,81.45,2751111
2021-03-24,85.1,86.45,81.8,83.3,81.11,2405782
2021-03-23,86.75,87.7,85.1,86.3,84.03,3274029
2021-03-22,85.5,87.4,85.05,86.25,83.98,5497499
2021-03-19,82.5,85.65,80.2,84.8,82.57,3882688
2021-03-18,85,86.45,83,84.15,81.94,4897087
2021-03-17,85.25,86.7,81.5,83.65,81.45,4030484
2021-03-16,85.95,88.85,84.15,85.85,83.59,8836563
2021-03-15,85.5,86.65,82.45,85.9,83.64,5373431
2021-03-12,86.2,87.8,84.6,85.6,83.35,6173267
2021-03-10,84.75,89,84.5,86.85,84.57,11468549
2021-03-09,88,89.4,82.4,83.7,81.5,11716480
2021-03-08,81.85,91,81.5,87.15,84.86,30613602
2021-03-05,85,86.5,80.45,81.2,79.07,6758193
2021-03-04,82,87.7,81.8,84.4,82.18,11193512
2021-03-03,89.9,92.4,82.25,84.15,81.94,25169387
2021-03-02,76,88.5,76,86.2,83.94,37918014
2021-03-01,72.5,75.4,71.9,74.3,72.35,2948364
2021-02-26,72.8,73.85,71.15,71.9,70.01,2199673
2021-02-25,73.4,74.75,72.75,73.2,71.28,2635963
2021-02-24,73.5,75.4,72.25,72.85,70.94,1299058
2021-02-23,72.35,75.25,71.25,73.4,71.47,3909384
2021-02-22,73.95,74,71.05,71.8,69.91,1381550
2021-02-19,74.85,75.75,72,73.95,72.01,3861934
2021-02-18,74.9,77,72.1,75.4,73.42,5751654
2021-02-17,75,75.6,74.05,74.65,72.69,1806761
2021-02-16,76.4,76.75,74.05,75,73.03,2764907
2021-02-15,75.45,77.8,74.5,75.85,73.86,3056676
2021-02-12,77.1,77.5,74,74.65,72.69,2679065
2021-02-11,73.05,77.9,72.8,77.6,75.56,8928195
2021-02-10,70.8,74,70.45,72.65,70.74,3108574
2021-02-09,71.5,73.4,70,70.55,68.7,2823816
2021-02-08,70.85,72.75,70.55,71.65,69.77,2297894
2021-02-05,72.65,72.65,70,70.8,68.94,2930517
2021-02-04,71.65,73.65,71.65,72.25,70.35,2268906
2021-02-03,72.3,72.6,71.3,71.7,69.82,1719315
2021-02-02,71.45,72.95,69.8,71.95,70.06,2020022
2021-02-01,71.5,71.9,69.25,71,69.13,2340937
2021-01-29,74.65,76.2,71,72.25,70.35,4652567
2021-01-28,73.3,75.5,72.8,74.05,72.1,1652369
2021-01-27,72.5,74.95,71.6,74.2,72.25,2002537
2021-01-25,74.75,75.15,71.3,72.7,70.79,2795114
2021-01-22,74.45,76.8,73.5,74.05,72.1,3083816
2021-01-21,77.5,78.3,73.45,74.35,72.4,2909912
2021-01-20,74.55,79.1,73.65,77.35,75.32,12790058
2021-01-19,72.75,74.95,72.6,74.65,72.69,3308483
2021-01-18,75.75,75.8,71.4,72.3,70.4,3489073
2021-01-15,71.55,75.75,71,75.05,73.08,8958267
2021-01-14,73.05,73.8,71.25,71.9,70.01,2354829
2021-01-13,75.7,76,70.2,73.2,71.28,9357500
2021-01-12,66.9,76,66.45,74.85,72.88,20949427
2021-01-11,67.6,67.75,66,66.9,65.14,1838451
2021-01-08,68.2,68.2,66.85,67.05,65.29,1678181
2021-01-07,68.3,68.3,67.3,67.55,65.78,850988
2021-01-06,68,68.5,66.8,67.3,65.53,2832539
2021-01-05,67.8,68.05,67,67.45,65.68,911999
2021-01-04,67.25,68.8,67.15,67.9,66.12,1589390
2021-01-01,67.8,68.5,66,66.8,65.04,1642085
2020-12-31,69,69.45,67.6,67.8,66.02,974100
2020-12-30,68.95,69.1,67.8,68.7,66.89,982505
2020-12-29,69.55,69.95,68.05,68.4,66.6,958783
2020-12-28,69,70.3,67.2,69.05,67.24,2030860
2020-12-24,69.5,70.15,68,68.3,66.51,1207158
2020-12-23,68.8,70.7,67.65,68.95,67.14,7524739
2020-12-22,65.5,68.8,64,68.2,66.41,2319412
2020-12-21,69.95,70.9,65,66.35,64.61,3805480
2020-12-18,68.9,70.5,66.55,68.8,66.99,2269660
2020-12-17,69.5,72.4,67.7,68.4,66.6,4273037
2020-12-16,66.85,71.3,66,69.1,67.28,4171351
2020-12-15,68.2,68.2,66.1,66.4,64.66,1189733
2020-12-14,68.35,68.75,67,67.9,66.12,976105
2020-12-11,65.8,69.2,64.65,67.95,66.16,5911354
2020-12-10,64.9,66,64,65.4,63.68,1136352
2020-12-09,66.2,67.45,64.75,65.05,63.34,1836440
2020-12-08,68.2,68.7,65.1,65.7,63.97,2162208
2020-12-07,68.25,69.35,67.5,67.8,66.02,1715754
2020-12-04,71.25,73.4,67.2,68.95,67.14,6579980
2020-12-03,63.5,71.9,63,70.75,68.89,15854733
2020-12-02,63.5,64,61.8,62.65,61,1993644
2020-12-01,62.25,64.55,62.25,63.1,61.44,2191376
2020-11-27,61.6,62.4,61.35,61.9,60.27,1647316
2020-11-26,60.75,62.1,60.4,60.75,59.15,700974
2020-11-25,61.55,62.65,60.45,60.65,59.06,947090
2020-11-24,63,63,61.15,61.45,59.84,1117063
2020-11-23,63,63.85,61.9,62.2,60.57,974597
2020-11-20,60.2,63.6,60.2,63.2,61.54,2126714
2020-11-19,61.1,61.95,59.8,60.1,58.52,998157
2020-11-18,61.9,62.1,60,61,59.4,1683085
2020-11-17,63.65,64.3,61.55,61.7,60.08,1084313
2020-11-14,63.9,64.3,63,63.95,62.27,431066
2020-11-13,61.45,63.9,60.85,63.6,61.93,2213892
2020-11-12,60.35,61.95,59.5,61.15,59.54,2600173
2020-11-11,59.75,60.65,59.15,59.9,58.33,766911
2020-11-10,59.4,60.45,58.9,59.65,58.08,904034
2020-11-09,60.5,60.65,58.65,59,57.45,1202272
2020-11-06,59.5,61.7,59.35,60.2,58.62,7799494
2020-11-05,59.3,60.6,58.65,59.05,57.5,939056
2020-11-04,59.45,59.5,58,58.35,56.82,7034585
2020-11-03,60.3,60.8,58.25,58.65,57.11,1305015
2020-11-02,60.8,61.35,58.5,58.8,57.26,2033381
2020-10-30,60.2,61.65,59.95,60,58.42,971544
2020-10-29,59.75,60.85,59.7,60.3,58.72,627158
2020-10-28,61.25,61.9,59.95,60.2,58.62,805748
2020-10-27,61.1,61.85,59.95,61.1,59.49,1028880
2020-10-26,64.3,64.3,61.45,61.6,59.98,766210
2020-10-23,65.95,66.75,63.55,63.75,62.08,1223341
2020-10-22,63.4,66.6,62.95,65.9,64.17,1642871
2020-10-21,63,65,62.3,63.65,61.98,1663820
2020-10-20,63.05,63.4,61.9,62.85,61.2,1007468
2020-10-19,63.8,64.4,61.6,62.7,61.05,1196356
2020-10-16,62.35,64.4,61.35,63.8,62.12,1662749
2020-10-15,60.6,65.95,60.05,61.8,60.18,7862237
2020-10-14,58.05,60.95,56.7,60.2,58.62,8281637
2020-10-13,57.95,59.15,57.2,58.65,57.11,950244
2020-10-12,56.5,58.3,56.35,57.6,56.09,1449261
2020-10-09,56.95,56.95,55.95,56.55,55.06,1432876
2020-10-08,56.4,57,56,56.85,55.36,761818
2020-10-07,56.2,56.45,55.8,56.05,54.58,1909785
2020-10-06,55.9,56.4,55.25,56,54.53,784248
2020-10-05,56.3,57.4,54.6,55.25,53.8,2105206
2020-10-01,57,57.3,55.05,55.95,54.48,1758833
2020-09-30,59.4,59.65,56,56.4,54.92,1535984
2020-09-29,58.2,59.8,57.15,59.15,57.6,2322311
2020-09-28,59,59.85,57,57.8,56.28,2147721
2020-09-25,56.6,58.85,55.2,57.95,56.43,1069072
2020-09-24,56.6,56.75,55.5,56,54.53,1642574
2020-09-23,57.3,58.1,56.95,57.25,55.75,1013907
2020-09-22,56.5,57.75,56.1,57.05,55.55,2079678
2020-09-21,60.8,60.8,56.2,57.5,55.99,2392552
2020-09-18,59.5,61.5,58.95,60.9,59.3,2884272
2020-09-17,58.45,60.35,57.6,59,57.45,943925
2020-09-16,60.7,60.8,58.4,58.55,57.01,1301003
2020-09-15,57,60.4,57,59.45,57.89,1597911
2020-09-14,59.5,59.7,55.5,56.9,55.4,2409030
2020-09-11,61.05,61.05,58.2,58.75,57.21,4096962
2020-09-10,58.5,61,58.5,60.65,59.06,2179055
2020-09-09,58,58.7,57.25,58.35,56.82,1677286
2020-09-08,61.95,62,58.4,59,57.45,2514405
2020-09-07,59.4,62,58,61.35,59.74,4991044
2020-09-04,58.2,59.65,57.25,58.95,57.4,8938639
2020-09-03,59.35,61.4,59.1,60.3,58.72,4951066
2020-09-02,56.35,59,56,58.75,57.21,9535555
2020-09-01,55.45,56.4,54,55.3,53.85,6486419
2020-08-31,56.3,57.6,54,54.75,53.31,3728831
2020-08-28,56,56.8,55.2,55.85,54.38,2185568
2020-08-27,56.5,57.15,55,55.75,54.29,2036067
2020-08-26,58.15,58.6,56.65,56.85,55.36,1445222
2020-08-25,57.5,58.2,56.6,57.65,56.14,1928586
2020-08-24,58.3,58.75,56.65,56.9,55.4,1398691
2020-08-21,57.6,58.8,56.6,57.8,56.28,4785458
2020-08-20,56.9,59.9,56.25,57.1,55.6,6637327
2020-08-19,56.2,57.6,55.7,57.05,55.55,1369135
2020-08-18,57.8,58.1,55,55.85,54.38,2188626
2020-08-17,56.7,58.4,56.25,57.4,55.89,3355907
2020-08-14,54.4,59.2,54,56.05,54.58,8473679
2020-08-13,51.1,54.7,51,53.9,52.48,6045646
2020-08-12,50.3,51.4,49.65,50.9,49.56,1347410
2020-08-11,51,52,50.2,50.45,49.12,1911191
2020-08-10,48.7,51.4,48.5,50.85,49.51,3568333
2020-08-07,45.6,50.65,44.75,48.1,46.84,17345329
2020-08-06,46.2,46.2,45.55,45.6,44.4,683499
2020-08-05,46.6,46.6,45.85,45.9,44.69,1418912
2020-08-04,45.6,46.4,45.6,46.05,44.84,588923
2020-08-03,46.1,47.9,45.45,45.6,43.43,1735293
2020-07-31,46.4,47.5,45.5,45.9,43.71,1870847
2020-07-30,47.35,47.35,45.8,46.05,43.86,432994
2020-07-29,45.45,47.4,45,46.95,44.71,855881
2020-07-28,45.3,45.45,44.8,45.1,42.95,396232
2020-07-27,45.55,45.8,44.9,45.05,42.9,339770
2020-07-24,46.05,46.75,45.35,45.5,43.33,324722
2020-07-23,46,47.3,46,46.65,44.43,429794
2020-07-22,46.4,46.55,44.8,45.9,43.71,975187
2020-07-21,47.35,47.6,46.5,46.6,44.38,561548
2020-07-20,46.45,47.7,46.2,47.15,44.9,1683780
2020-07-17,44,46,43.9,45.6,43.43,1037623
2020-07-16,44.1,44.3,43,43.6,41.52,780718
2020-07-15,44.5,46.25,43.35,43.95,41.86,1041634
2020-07-14,45.5,45.5,44.05,44.5,42.38,819290
2020-07-13,46.5,46.65,45,45.75,43.57,886949
2020-07-10,47,47.55,45.7,46.1,43.9,804956
2020-07-09,47.85,47.9,47.1,47.25,45,760963
2020-07-08,48.3,49.1,46.7,47.05,44.81,1008378
2020-07-07,48.9,49.75,48,48.3,46,973009
2020-07-06,49.1,49.8,48.45,48.9,46.57,918507
2020-07-03,50.65,50.75,48.7,48.95,46.62,1054729
2020-07-02,49.4,50.95,48.9,50.35,47.95,2603967
2020-07-01,47.4,49.85,47.35,48.85,46.52,6197202
2020-06-30,47.6,48.55,46.95,47.15,44.9,1823962
2020-06-29,48,48.95,46.55,47.85,45.57,1252640
2020-06-26,49.95,50.3,48.5,48.75,46.43,1338166
2020-06-25,48.9,50.55,48.1,49.5,47.14,2126499
2020-06-24,51.7,52.5,49,49.2,46.86,2898231
2020-06-23,50.6,51.95,49.65,51.35,48.9,5333125
2020-06-22,48.25,51.3,47.95,50.4,48,7234707
2020-06-19,48.15,48.6,47.8,47.9,45.62,2393155
2020-06-18,47.75,48.6,47.5,47.75,45.48,1589110
2020-06-17,47.75,49.3,47.5,47.65,45.38,4036101
2020-06-16,46.75,48.6,46.5,48.15,45.86,4245767
2020-06-15,48,49.5,45.9,46.25,44.05,4247375
2020-06-12,44.25,48.7,44.25,48.1,45.81,5410577
2020-06-11,47.15,48.7,46.65,47.1,44.86,2123098
2020-06-10,47.1,48.8,46.55,47.25,45,7571188
2020-06-09,46.45,47.75,45.7,46.85,44.62,7761011
2020-06-08,46,47.5,45,45.8,43.62,5592046
2020-06-05,42.25,45.05,42.25,44.3,42.19,8146810
2020-06-04,43,43.6,41.8,42.05,40.05,1663758
2020-06-03,46,46.65,42.8,43.2,41.14,3983957
2020-06-02,41.35,45.4,41.25,45,42.86,6112011
2020-06-01,40.55,41.6,40.55,41.1,39.14,1365207
2020-05-29,40.3,40.65,39.65,40.05,38.14,3320758
2020-05-28,41.15,41.9,40.5,40.7,38.76,1171498
2020-05-27,39.25,41.3,38.9,40.9,38.95,6876713
2020-05-26,39.85,39.95,39.1,39.2,37.33,812461
2020-05-22,40.6,40.6,39.1,39.25,37.38,912110
2020-05-21,41.9,41.9,40,40.15,38.24,2423098
2020-05-20,40.05,43,39.8,40.7,38.76,5196221
2020-05-19,40,40.15,38.5,39.15,37.29,735671
2020-05-18,40.45,40.5,38.7,39.55,37.67,702877
2020-05-15,40.4,40.4,39.3,39.6,37.71,613339
2020-05-14,41,42.35,40.05,40.15,38.24,1103226
2020-05-13,41.3,41.5,39.7,40.5,38.57,740573
2020-05-12,39.6,40,38.8,39.85,37.95,562626
2020-05-11,40.9,41.3,39.7,39.8,37.9,376800
2020-05-08,40.95,41,40,40.75,38.81,868511
2020-05-07,38,41,38,40.45,38.52,538660
2020-05-06,40.3,41,39.55,39.9,38,693205
2020-05-05,41.85,42.5,40.1,40.3,38.38,1033019
2020-05-04,41.7,42.9,41.1,41.4,39.43,1078568
2020-04-30,41.5,45.6,41.5,44.6,42.48,4349174
2020-04-29,40,41.7,39.25,41,39.05,1421239
2020-04-28,40.1,40.1,38.5,39.4,37.52,1544978
2020-04-27,40.7,40.7,38.85,39.45,37.57,1563680
2020-04-24,39.8,40.75,39.4,39.9,38,1136324
2020-04-23,40.8,40.8,38.95,39.6,37.71,4206089
2020-04-22,41,41.2,39.9,40.05,38.14,1312632
2020-04-21,42,42.4,40.7,41.2,39.24,740079
2020-04-20,43,46.5,42.2,43.35,41.29,4868305
2020-04-17,42.6,43.3,41.7,42.8,40.76,1054214
2020-04-16,41.2,42,40.85,41.5,39.52,1331571
2020-04-15,41.8,41.85,39.85,40.6,38.67,3158243
2020-04-13,42,42.35,39.85,41.2,39.24,1907230
2020-04-09,43,43,41.5,42,40,1544367
2020-04-08,43,43.85,41.9,42.2,40.19,1836431
2020-04-07,44.35,44.35,41.85,42.55,40.52,1247414
2020-04-03,43.15,44.5,41.75,42.4,40.38,747695
2020-04-01,42.6,43.95,42.4,43.15,41.09,444373
2020-03-31,46,46.15,42,42.7,40.67,1081065
2020-03-30,42.4,44.6,41.95,43.9,41.81,1726103
2020-03-27,47,47.2,41.1,44.4,42.29,1567492
2020-03-26,47.3,47.95,44.5,46,43.81,872164
2020-03-25,44.1,49,44.1,47.25,45,431279
2020-03-24,45,47.3,41.7,46.4,44.19,1208172
2020-03-23,38.1,45.65,37.4,43.75,41.67,1987108
2020-03-20,43.25,50.7,42.5,46.75,44.52,1334768
2020-03-19,40.45,46.4,37.85,44,41.9,3384662
2020-03-18,44,46.7,34.75,42,40,2102371
2020-03-17,45.7,45.7,41.4,42.5,40.48,2736837
2020-03-16,47.9,47.9,42.1,45.65,43.48,1653889
2020-03-13,46,49.75,42.5,47.95,45.67,1113576
2020-03-12,46.05,46.95,43.8,46.15,43.95,1295721
2020-03-11,47.1,49.9,45.85,48.5,46.19,1113884
2020-03-09,51.1,52,46.4,47.3,45.05,1213795
2020-03-06,52.55,53.25,51.8,52.85,50.33,540296
2020-03-05,54.15,55.2,53.15,54.85,52.24,625078
2020-03-04,57.35,57.6,53.5,53.85,51.29,867339
2020-03-03,54.5,58.05,54.5,57.35,54.62,763293
2020-03-02,58.8,59.5,53.65,54.95,52.33,664245
2020-02-28,58.1,59.2,55.9,57.3,54.57,1506071
2020-02-27,60.95,60.95,58.5,60.05,57.19,434378
2020-02-26,61,61.95,60.2,60.6,57.71,1175307
2020-02-25,63.1,63.5,61,61.45,58.52,586239
2020-02-24,63,63.4,62.2,62.9,59.9,393742
2020-02-20,64.6,65.45,62.8,63.15,60.14,754557
2020-02-19,66.5,67.35,64.2,64.6,61.52,712089
2020-02-18,65.25,68.4,64.8,65.7,62.57,5556529
2020-02-17,62.8,63.9,62.55,63.15,60.14,249796
2020-02-14,63.6,64.5,62.55,62.85,59.86,207531
2020-02-13,64,64.1,62.8,63.6,60.57,256836
2020-02-12,63.9,64.5,62.8,64.1,61.05,869723
2020-02-11,65.45,65.8,63.7,63.95,60.9,591840
2020-02-10,65.4,65.8,64.15,65,61.9,1315357
2020-02-07,63.2,66.25,62.1,65.35,62.24,975330
2020-02-06,62.25,63.8,61.75,62.9,59.9,559858
2020-02-05,63.95,65,61.5,61.9,58.95,912844
2020-02-04,62.35,66.8,61.55,63.2,60.19,2101057
2020-02-03,62,62.9,59.55,61.9,58.95,319703
2020-01-31,64.8,64.8,62.8,63.05,60.05,342262
2020-01-30,66.2,66.35,64.2,64.45,61.38,296655
2020-01-29,67.15,67.9,65.7,66.1,62.95,731551
2020-01-28,67.45,68.1,66.55,66.95,63.76,506183
2020-01-27,66.7,67.6,66.4,67,63.81,437083
2020-01-24,66.65,68.9,66.65,67.5,64.29,1256925
2020-01-23,66.55,67.5,66.35,66.85,63.67,403235
2020-01-22,67.4,67.4,66.25,66.35,63.19,234208
2020-01-21,66.4,67.2,66.05,66.3,63.14,340244
2020-01-20,67.5,68,66.05,66.2,63.05,397301
2020-01-17,67.35,68.25,67,67.45,64.24,869257
2020-01-16,68,68.15,67.25,67.6,64.38,430168
2020-01-15,67.1,68.1,67.1,67.45,64.24,434853
2020-01-14,68.4,68.4,67.3,67.45,64.24,560576
2020-01-13,68.75,69.6,67.8,68.2,64.95,512208
2020-01-10,69.9,71.45,68,68.4,65.14,894515
2020-01-09,72.1,72.25,69.2,69.4,66.09,763997
2020-01-08,68.5,72.5,68.35,71.2,67.81,935709
2020-01-07,67.5,70.5,67.3,70.1,66.76,819939
2020-01-06,70.15,70.15,66.55,67.05,63.86,719957
2020-01-03,69.9,71.45,69.65,70.2,66.86,1021494
2020-01-02,69.15,71.4,69.05,69.5,66.19,1604845
2020-01-01,69.55,70.1,68.65,69.05,65.76,281629
2019-12-31,69.6,70,68.8,69.35,66.05,443449
2019-12-30,69.8,69.8,68.9,69.45,66.14,216031
2019-12-27,69.6,70.2,69,69.3,66,288797
2019-12-26,69.95,70.05,69.35,69.95,66.62,164065
2019-12-24,69.5,70,69.05,69.75,66.43,258885
2019-12-23,70.15,70.6,68.9,69.25,65.95,357749
2019-12-20,69.85,70.7,69.6,70.2,66.86,374833
2019-12-19,69.9,71.05,69.15,69.95,66.62,768027
2019-12-18,70.95,71.8,69.5,69.9,66.57,979239
2019-12-17,71.2,71.85,70.2,70.95,67.57,334983
2019-12-16,70.7,71.8,70.1,70.55,67.19,273669
2019-12-13,71.45,71.7,70.25,71.35,67.95,391546
2019-12-12,69.25,71.3,68.8,70.05,66.71,766166
2019-12-11,70.5,71.3,68,69.05,65.76,547866
2019-12-10,75,75,69.5,70.05,66.71,906941
2019-12-09,73.5,75.9,72.3,75.1,71.52,479368
2019-12-06,77,77.4,72.1,73.3,69.81,606172
2019-12-05,79,79.05,76.1,76.8,73.14,475069
2019-12-04,75,79,74.4,78.65,74.9,1793902
2019-12-03,76.9,77.5,74.55,75.5,71.9,854676
2019-12-02,73.95,77,72.6,76.25,72.62,781843
2019-11-29,73.3,77.5,72.8,73.3,69.81,1134209
2019-11-28,73.7,75.8,72.2,72.55,69.09,447930
2019-11-27,76,76.65,73.2,73.5,70,371501
2019-11-26,73,76.95,72.7,76.25,72.62,1747652
2019-11-25,69.8,73,69.8,72.65,69.19,543019
2019-11-22,70.45,70.9,69.1,70.1,66.76,397574
2019-11-21,71.75,72.5,70.1,70.15,66.81,368822
2019-11-20,72.7,73.9,71.1,71.75,68.33,596636
2019-11-19,70,72.5,70,71.85,68.43,277187
2019-11-18,71.2,72.4,69.2,70.5,67.14,468287
2019-11-15,71,72.5,69.3,70.75,67.38,429071
2019-11-14,72,73.3,69.4,70.4,67.05,554940
2019-11-13,73.1,74.25,71.1,71.8,68.38,775363
2019-11-11,76.7,76.9,73.55,74.05,70.52,623751
2019-11-08,78.25,80,76,76.55,72.9,1409120
2019-11-07,75.85,79.6,73.2,78.85,75.09,2146493
2019-11-06,73,77,72,75.1,71.52,1944970
2019-11-05,73.8,74.8,72.2,73.15,69.67,760116
2019-11-04,75.4,76.85,72.5,73.2,69.71,4880455
2019-11-01,68.4,71.9,68.1,70.3,66.95,1970968
2019-10-31,68,69.8,68,68.05,64.81,815938
2019-10-30,67,68.4,65.95,67.9,64.67,846832
2019-10-29,66.4,68.8,66.4,66.95,63.76,445425
2019-10-27,67.4,67.7,66.5,66.7,63.52,65593
2019-10-25,68.4,68.4,66.5,67.4,64.19,193660
2019-10-24,68.4,68.4,66.6,68,64.76,374284
2019-10-23,67,68.35,66.1,67.95,64.71,523353
2019-10-22,67.4,68.9,66.6,67.65,64.43,763381
2019-10-18,66.4,68.9,66.4,68.55,65.29,686912
2019-10-17,64.65,66.6,63.2,66.4,63.24,891887
2019-10-16,63.6,65.45,63,64.7,61.62,514890
2019-10-15,60.05,64,59.7,63.05,60.05,1249666
2019-10-14,60.55,61,59.5,59.75,56.9,196307
2019-10-11,61.5,62,60.3,60.95,58.05,220200
2019-10-10,61.45,62.15,60.75,61.3,58.38,186567
2019-10-09,60.85,63.4,60.8,61.6,58.67,605293
2019-10-07,58.7,60.6,57.8,60.15,57.29,361496
2019-10-04,61.3,62.2,58.45,58.85,56.05,749073
2019-10-03,62.25,63.5,60.75,61.3,58.38,327279
2019-10-01,65,65.4,62.25,62.75,59.76,507922
2019-09-30,65.4,65.5,63.95,65.05,61.95,548636
2019-09-27,63.3,65.35,62.8,65.05,61.95,870241
2019-09-26,64.05,64.4,62.95,63.35,60.33,1031152
2019-09-25,64.35,65.7,63,63.6,60.57,1319250
2019-09-24,65.75,66.2,64.5,64.85,61.76,697788
2019-09-23,66.25,66.9,65.25,65.7,62.57,1140867
2019-09-20,64,66.8,63.75,65,61.9,823035
2019-09-19,64.7,64.9,63.75,63.9,60.86,1424222
2019-09-18,65.25,65.8,64.15,64.5,61.43,702193
2019-09-17,66.7,67.45,64.7,65.15,62.05,379665
2019-09-16,66.6,67.2,66.05,66.85,63.67,385068
2019-09-13,66.15,67.3,65.95,66.9,63.71,298344
2019-09-12,67.45,68.4,65.8,66.05,62.9,810468
2019-09-11,66.5,67.9,66.5,67.05,63.86,809740
2019-09-09,65,66.5,65,66.15,63,311248
2019-09-06,66.5,66.9,65.05,65.3,62.19,575545
2019-09-05,66.4,67.1,66.2,66.25,63.09,190517
2019-09-04,66.95,67.5,66,66.35,63.19,559530
2019-09-03,67,68.1,66.5,66.9,63.71,444591
2019-08-30,67.05,68.15,66.4,66.75,63.57,647115
2019-08-29,67.1,68,66.5,67.05,63.86,867887
2019-08-28,67.95,69,66.5,67.1,63.9,387351
2019-08-27,68.25,69.4,67.6,67.95,64.71,285770
2019-08-26,68.1,68.9,66.85,67.7,64.48,247155
2019-08-23,66.95,70.45,66.45,67.8,64.57,1191468
2019-08-22,67.4,67.9,66.8,67.3,64.09,1233381
2019-08-21,68.7,69.7,67,67.4,64.19,530828
2019-08-20,69.65,70.5,68.2,69.3,66,564345
2019-08-19,68.45,70.3,67.55,69.9,66.57,2073779
2019-08-16,66.8,68,66.7,67.9,64.67,327106
2019-08-14,68.3,68.3,66.85,67.3,64.09,875831
2019-08-13,70,70.4,67.4,67.9,64.67,295655
2019-08-09,70.35,71,69,69.75,66.43,260496
2019-08-08,70.25,70.55,68.95,70.3,66.95,328373
2019-08-07,68.95,70.9,68.3,70.2,66.86,1974503
2019-08-06,67,68.8,65.7,67.7,64.48,1303365
2019-08-05,66.6,68,65.8,67.25,64.05,2900736
2019-08-02,66,68.25,66,67.2,63.05,480332
2019-08-01,68,69.6,65.85,67.3,62.2,1214078
2019-07-31,69,69,66.95,68.05,62.9,1193545
2019-07-30,69.45,69.95,68.6,69,63.77,437949
2019-07-29,67.3,69.9,67.3,69.35,64.1,556631
2019-07-26,68.35,69,67.55,67.8,62.66,294060
2019-07-25,70.1,70.75,68,68.35,63.17,305496
2019-07-24,70.7,71.1,68.55,69.8,64.51,311312
2019-07-23,70.7,71.6,69.65,70.65,65.3,844171
2019-07-22,72.5,72.9,70,70.7,65.35,657650
2019-07-19,72.3,73.5,70.75,72.2,66.73,611636
2019-07-18,72.4,72.4,70.85,71.75,66.32,538744
2019-07-17,71.4,72.3,70.35,71.85,66.41,340419
2019-07-16,69.3,71.75,68.6,70.7,65.35,486393
2019-07-15,69.1,69.9,68.5,69.4,64.14,345263
2019-07-12,69,69.9,68.65,69.1,63.87,264637
2019-07-11,70.7,70.7,68.1,68.95,63.73,284888
2019-07-10,71.3,71.75,68.2,70.05,64.74,357954
2019-07-09,70.05,71.85,69.6,70.95,65.58,385785
2019-07-08,70.2,71.3,69.6,70.1,64.79,433398
2019-07-05,72.3,72.4,70.85,71.55,66.13,702665
2019-07-04,71.9,73.45,71.6,71.95,66.5,552290
2019-07-03,71.55,72,70.95,71.65,66.22,652607
2019-07-02,69.2,72,69,71.2,65.81,1464684
2019-07-01,67.4,69.2,67.05,68.55,63.36,531383
2019-06-28,69.3,69.4,66.6,66.95,61.88,375519
2019-06-27,70,71.3,68.8,69.25,64,407155
2019-06-26,66.8,69.9,66.75,69.65,64.37,900284
2019-06-25,67,67.5,66.55,67.05,61.97,284155
2019-06-24,66.5,67.4,66.1,67.05,61.97,352548
2019-06-21,66.5,67.3,65.4,66.6,61.56,631899
2019-06-20,65.5,67.45,65.2,66.5,61.46,557335
2019-06-19,67,68.15,65.5,65.85,60.86,796432
2019-06-18,66.15,67.4,65.6,66.6,61.56,375009
2019-06-17,68.5,68.5,65.9,66.15,61.14,504346
2019-06-14,70.7,71,68.25,68.8,63.59,381966
2019-06-13,69.8,71.5,69.2,70.7,65.35,623318
2019-06-12,70.4,71.2,69.5,69.95,64.65,232637
2019-06-11,70.8,70.95,69.4,70.4,65.07,227579
2019-06-10,70.9,71.2,69.65,70.45,65.11,355390
2019-06-07,71.3,72.5,70,70.2,64.88,463217
2019-06-06,74.4,74.45,71.3,71.75,66.32,346613
2019-06-04,72.85,74.4,72.8,73.35,67.79,507387
2019-06-03,73.25,73.4,71.65,72.8,67.29,230394
2019-05-31,72.5,74.05,70.9,73.35,67.79,662011
2019-05-30,73.85,74.25,71.4,72.4,66.92,628849
2019-05-29,76.45,76.45,73,73.35,67.79,637751
2019-05-28,72.7,77.25,72.25,76.45,70.66,1473875
2019-05-27,71.85,74.3,71.2,72.8,67.29,878202
2019-05-24,66.5,72,66.5,71.55,66.13,1707210
2019-05-23,67.45,68.8,65.8,66.1,61.09,745928
2019-05-22,66.3,67.25,65.65,66.95,61.88,641101
2019-05-21,68.6,68.7,66,66.35,61.32,721431
2019-05-20,68,69.25,67.25,68.15,62.99,783120
2019-05-17,67.2,67.35,66.45,66.9,61.83,565023
2019-05-16,67.1,68.7,66.15,67.6,62.48,1428411
2019-05-15,67.4,68,66.75,67,61.93,386195
2019-05-14,67.2,67.45,66.3,67.15,62.06,579371
2019-05-13,66.95,67.45,66.4,67.05,61.97,446678
2019-05-10,67.4,68.1,67,67.3,62.2,281752
2019-05-09,67.8,69.5,67.1,67.6,62.48,501194
2019-05-08,68.7,69.6,67.75,68,62.85,421319
2019-05-07,70.9,71.15,68.9,69,63.77,379861
2019-05-06,69,71,69,70.85,65.48,442643
2019-05-03,71,71.05,68.1,70.3,64.98,439392
2019-05-02,70,71.1,69.5,70.7,65.35,374463
2019-04-30,70,71.4,68.3,69.85,64.56,597741
2019-04-26,69.5,70.2,69.3,69.8,64.51,1674987
2019-04-25,72.05,73,69.35,69.65,64.37,522642
2019-04-24,71.65,72.65,71.55,72.05,66.59,534123
2019-04-23,71.7,72.65,70.65,71.65,66.22,283683
2019-04-22,71.6,72,70.95,71.45,66.04,312162
2019-04-18,73.5,74.35,72.05,72.5,67.01,579942
2019-04-16,74.9,75.5,73,73.85,68.26,815737
2019-04-15,73.6,75,73.05,74.45,68.81,950387
2019-04-12,72.65,73.3,71.85,73,67.47,2002018
2019-04-11,72.9,72.9,71.5,72.35,66.87,407348
2019-04-10,71.55,73.55,71.55,72.65,67.15,862403
2019-04-09,71.5,72.9,70.4,72.4,66.92,1224578
2019-04-08,73.7,73.8,70.3,71.55,66.13,735225
2019-04-05,73.55,73.65,72.15,73.2,67.66,778336
2019-04-04,72.5,73.8,71.85,73.1,67.56,877835
2019-04-03,76.25,76.75,71.3,71.9,66.45,2723578
2019-04-02,74.2,77.2,73.1,76.45,70.66,3149078
2019-04-01,73.15,75.5,72.3,73.75,68.16,3560094
